"","day_desc","naive_demand","demand","bayes_demand"
"1","Weekday",32.6358777579827,0.08321260247145,0.0832126015805206
"2","Weekend",63.7994542974079,0.1593128215255,0.159312819398813
